"id","user_id","role_id"
"eca0b4fc-8383-44e9-a4bd-3ada179b2c89","675de197-2e1f-49f4-9bd8-1b9882755767","9b80a0ab-62c6-4fd3-a743-483e62950be8"
"b8e014ac-cc7b-41c5-87ca-fdea2a252163","675de197-2e1f-49f4-9bd8-1b9882755767","474afdab-ac90-4f2e-bb49-6800ddf07e5c"
"dd8dc25e-9f46-4018-bc77-8320e77c2c49","99a150c2-18d2-4de5-85b3-02ffae4b9fec","e07c36b8-3ed7-4dc8-a68e-8b36e6a2ec66"
"7fddb1a2-bf69-411d-9155-2ca05f23080e","b36f2d32-6863-407c-a12f-c00a6a98017e","e07c36b8-3ed7-4dc8-a68e-8b36e6a2ec66"
"d15ea230-4790-4e39-91d2-5fe662bd5aa5","8c30d074-12a1-4df8-b00a-f4b7af2b3839","e07c36b8-3ed7-4dc8-a68e-8b36e6a2ec66"
"be36b1f3-e092-484a-aa0d-4e2c468addac","b0aa8e65-36d9-420e-a9e5-ff9eafbc2332","e07c36b8-3ed7-4dc8-a68e-8b36e6a2ec66"
"1af5f9fd-5fed-4993-866a-92cc39f27884","675de197-2e1f-49f4-9bd8-1b9882755767","e07c36b8-3ed7-4dc8-a68e-8b36e6a2ec66"
"0f26948a-bae0-477b-8300-84358ad49607","b36f2d32-6863-407c-a12f-c00a6a98017e","1b29a504-0a41-4e9b-99f8-3d57b487f7b6"
"56c8c904-e943-498d-8850-bf3ec95a22fc","b36f2d32-6863-407c-a12f-c00a6a98017e","350464f7-b0fe-48b0-b0e3-9fa8be72c919"
"d7f18206-8ea0-4ee4-ad45-e5324fed0e75","6b755193-6efe-495a-aa69-6be3e274c4e5","656dddba-1483-4876-b502-34b3fdc1569e"
"d7908ef5-c379-4943-9ef0-292018516ec6","675de197-2e1f-49f4-9bd8-1b9882755767","59145571-6b46-43aa-b070-b74f3ee8b3b5"
